id,user_id,actions_id,time,response
1,5,1,2025-02-01 15:56:00,Успешно!
2,1,1,2025-02-01 12:49:00,Успешно!
3,12,1,2025-02-01 06:53:00,Успешно!
4,2,1,2025-02-01 10:26:00,Успешно!
5,1,1,2025-02-01 23:35:00,Успешно!
6,20,1,2025-02-01 11:02:00,Успешно!
7,7,2,2025-02-01 12:01:00,Успешно!
8,12,2,2025-02-01 02:26:00,Успешно!
9,6,2,2025-02-01 04:20:00,Успешно!
10,9,2,2025-02-01 18:23:00,Успешно!
11,2,2,2025-02-01 21:39:00,Успешно!
12,11,2,2025-02-01 19:36:00,Успешно!
13,11,2,2025-02-01 00:14:00,Успешно!
14,18,2,2025-02-01 06:22:00,Успешно!
15,19,2,2025-02-01 23:08:00,Успешно!
16,9,2,2025-02-01 20:28:00,Успешно!
17,1,3,2025-02-01 04:03:00,Успешно!
18,14,3,2025-02-01 04:28:00,Успешно!
19,19,3,2025-02-01 09:21:00,Успешно!
20,4,3,2025-02-01 11:56:00,Успешно!
21,7,3,2025-02-01 10:10:00,Успешно!
22,15,3,2025-02-01 14:52:00,Успешно!
23,12,4,2025-02-01 14:10:00,Успешно!
24,21,4,2025-02-01 13:56:00,Успешно!
25,21,4,2025-02-01 23:36:00,Успешно!
26,1,4,2025-02-01 11:17:00,Успешно!
27,20,4,2025-02-01 15:10:00,Успешно!
28,10,4,2025-02-01 16:45:00,Успешно!
29,16,5,2025-02-01 17:12:00,Ошибка создания темы по причине отсутствия логина
30,18,5,2025-02-01 23:02:00,Ошибка создания темы по причине отсутствия логина
31,16,5,2025-02-01 13:37:00,Успешно!
32,4,5,2025-02-01 08:11:00,Успешно!
33,14,5,2025-02-01 17:41:00,Успешно!
34,2,5,2025-02-01 15:51:00,Успешно!
35,8,5,2025-02-01 12:07:00,Успешно!
36,19,5,2025-02-01 13:45:00,Успешно!
37,4,5,2025-02-01 12:41:00,Успешно!
38,13,6,2025-02-01 10:18:00,Успешно!
39,12,6,2025-02-01 12:23:00,Успешно!
40,20,6,2025-02-01 06:54:00,Успешно!
41,15,6,2025-02-01 04:26:00,Успешно!
42,7,6,2025-02-01 04:48:00,Успешно!
43,9,6,2025-02-01 09:44:00,Успешно!
44,16,6,2025-02-01 06:35:00,Успешно!
45,7,7,2025-02-01 10:57:00,Успешно!
46,3,7,2025-02-01 10:46:00,Успешно!
47,1,7,2025-02-01 10:44:00,Успешно!
48,21,7,2025-02-01 17:59:00,Успешно!
49,20,7,2025-02-01 05:34:00,Успешно!
50,12,1,2025-02-02 23:44:00,Успешно!
51,5,1,2025-02-02 06:16:00,Успешно!
52,16,1,2025-02-02 21:19:00,Успешно!
53,10,1,2025-02-02 11:03:00,Успешно!
54,4,1,2025-02-02 12:26:00,Успешно!
55,3,2,2025-02-02 15:01:00,Успешно!
56,1,2,2025-02-02 03:06:00,Успешно!
57,18,2,2025-02-02 23:59:00,Успешно!
58,11,2,2025-02-02 01:27:00,Успешно!
59,14,2,2025-02-02 05:56:00,Успешно!
60,4,2,2025-02-02 21:49:00,Успешно!
61,4,3,2025-02-02 23:15:00,Успешно!
62,5,3,2025-02-02 17:51:00,Успешно!
63,15,3,2025-02-02 12:20:00,Успешно!
64,18,3,2025-02-02 06:35:00,Успешно!
65,13,3,2025-02-02 16:30:00,Успешно!
66,10,3,2025-02-02 06:23:00,Успешно!
67,12,4,2025-02-02 19:39:00,Успешно!
68,9,4,2025-02-02 05:04:00,Успешно!
69,21,4,2025-02-02 18:56:00,Успешно!
70,11,4,2025-02-02 23:56:00,Успешно!
71,18,4,2025-02-02 21:30:00,Успешно!
72,18,4,2025-02-02 09:51:00,Успешно!
73,11,4,2025-02-02 16:42:00,Успешно!
74,13,4,2025-02-02 14:04:00,Успешно!
75,2,4,2025-02-02 04:15:00,Успешно!
76,13,4,2025-02-02 01:50:00,Успешно!
77,12,5,2025-02-02 12:59:00,Ошибка создания темы по причине отсутствия логина
78,20,5,2025-02-02 20:24:00,Ошибка создания темы по причине отсутствия логина
79,8,5,2025-02-02 19:07:00,Успешно!
80,7,5,2025-02-02 01:53:00,Успешно!
81,12,5,2025-02-02 06:39:00,Успешно!
82,8,5,2025-02-02 11:43:00,Успешно!
83,8,5,2025-02-02 16:53:00,Успешно!
84,5,5,2025-02-02 21:27:00,Успешно!
85,21,5,2025-02-02 02:06:00,Успешно!
86,21,6,2025-02-02 21:19:00,Успешно!
87,3,6,2025-02-02 01:53:00,Успешно!
88,4,6,2025-02-02 13:05:00,Успешно!
89,10,6,2025-02-02 21:42:00,Успешно!
90,10,6,2025-02-02 21:57:00,Успешно!
91,16,7,2025-02-02 08:35:00,Успешно!
92,3,7,2025-02-02 00:01:00,Успешно!
93,9,7,2025-02-02 13:54:00,Успешно!
94,12,7,2025-02-02 04:23:00,Успешно!
95,8,7,2025-02-02 18:05:00,Успешно!
96,12,7,2025-02-02 17:55:00,Успешно!
97,13,1,2025-02-03 11:52:00,Успешно!
98,13,1,2025-02-03 09:11:00,Успешно!
99,5,1,2025-02-03 03:59:00,Успешно!
100,12,1,2025-02-03 18:21:00,Успешно!
101,10,1,2025-02-03 00:53:00,Успешно!
102,7,1,2025-02-03 07:04:00,Успешно!
103,4,2,2025-02-03 15:58:00,Успешно!
104,10,2,2025-02-03 20:47:00,Успешно!
105,3,2,2025-02-03 15:55:00,Успешно!
106,15,2,2025-02-03 19:16:00,Успешно!
107,11,2,2025-02-03 12:11:00,Успешно!
108,6,3,2025-02-03 12:47:00,Успешно!
109,16,3,2025-02-03 10:31:00,Успешно!
110,6,3,2025-02-03 16:42:00,Успешно!
111,8,3,2025-02-03 22:07:00,Успешно!
112,12,3,2025-02-03 19:26:00,Успешно!
113,16,3,2025-02-03 13:59:00,Успешно!
114,9,3,2025-02-03 15:18:00,Успешно!
115,13,3,2025-02-03 13:59:00,Успешно!
116,8,3,2025-02-03 12:34:00,Успешно!
117,5,3,2025-02-03 03:03:00,Успешно!
118,12,4,2025-02-03 04:43:00,Успешно!
119,15,4,2025-02-03 21:42:00,Успешно!
120,4,4,2025-02-03 06:14:00,Успешно!
121,5,4,2025-02-03 10:32:00,Успешно!
122,9,4,2025-02-03 13:28:00,Успешно!
123,9,4,2025-02-03 15:48:00,Успешно!
124,12,4,2025-02-03 10:19:00,Успешно!
125,17,4,2025-02-03 10:44:00,Успешно!
126,12,5,2025-02-03 12:11:00,Ошибка создания темы по причине отсутствия логина
127,14,5,2025-02-03 04:51:00,Ошибка создания темы по причине отсутствия логина
128,8,5,2025-02-03 01:03:00,Успешно!
129,21,5,2025-02-03 05:31:00,Успешно!
130,16,5,2025-02-03 00:30:00,Успешно!
131,10,5,2025-02-03 18:51:00,Успешно!
132,15,5,2025-02-03 09:56:00,Успешно!
133,12,5,2025-02-03 07:13:00,Успешно!
134,21,5,2025-02-03 04:56:00,Успешно!
135,3,6,2025-02-03 21:31:00,Успешно!
136,16,6,2025-02-03 10:30:00,Успешно!
137,16,6,2025-02-03 18:09:00,Успешно!
138,2,6,2025-02-03 10:05:00,Успешно!
139,18,6,2025-02-03 01:23:00,Успешно!
140,6,6,2025-02-03 21:05:00,Успешно!
141,9,6,2025-02-03 14:58:00,Успешно!
142,21,6,2025-02-03 23:03:00,Успешно!
143,12,7,2025-02-03 09:41:00,Успешно!
144,9,7,2025-02-03 13:40:00,Успешно!
145,16,7,2025-02-03 00:08:00,Успешно!
146,21,7,2025-02-03 11:23:00,Успешно!
147,18,7,2025-02-03 08:02:00,Успешно!
148,8,7,2025-02-03 10:36:00,Успешно!
149,20,7,2025-02-03 23:09:00,Успешно!
150,17,7,2025-02-03 21:49:00,Успешно!
151,12,1,2025-02-04 17:59:00,Успешно!
152,17,1,2025-02-04 18:18:00,Успешно!
153,13,1,2025-02-04 10:34:00,Успешно!
154,16,1,2025-02-04 01:20:00,Успешно!
155,5,1,2025-02-04 03:49:00,Успешно!
156,18,1,2025-02-04 22:14:00,Успешно!
157,19,1,2025-02-04 04:11:00,Успешно!
158,5,1,2025-02-04 23:26:00,Успешно!
159,3,1,2025-02-04 21:01:00,Успешно!
160,11,1,2025-02-04 03:55:00,Успешно!
161,19,2,2025-02-04 23:48:00,Успешно!
162,3,2,2025-02-04 10:05:00,Успешно!
163,10,2,2025-02-04 07:07:00,Успешно!
164,19,2,2025-02-04 01:22:00,Успешно!
165,6,2,2025-02-04 08:20:00,Успешно!
166,2,2,2025-02-04 00:06:00,Успешно!
167,14,2,2025-02-04 07:06:00,Успешно!
168,17,2,2025-02-04 00:49:00,Успешно!
169,1,2,2025-02-04 13:08:00,Успешно!
170,14,3,2025-02-04 03:02:00,Успешно!
171,10,3,2025-02-04 18:01:00,Успешно!
172,15,3,2025-02-04 10:56:00,Успешно!
173,7,3,2025-02-04 19:18:00,Успешно!
174,16,3,2025-02-04 20:08:00,Успешно!
175,12,3,2025-02-04 01:24:00,Успешно!
176,19,4,2025-02-04 20:25:00,Успешно!
177,19,4,2025-02-04 07:44:00,Успешно!
178,2,4,2025-02-04 10:16:00,Успешно!
179,8,4,2025-02-04 02:41:00,Успешно!
180,3,4,2025-02-04 17:08:00,Успешно!
181,18,5,2025-02-04 20:49:00,Ошибка создания темы по причине отсутствия логина
182,13,5,2025-02-04 22:44:00,Ошибка создания темы по причине отсутствия логина
183,15,5,2025-02-04 14:56:00,Успешно!
184,15,5,2025-02-04 02:11:00,Успешно!
185,3,5,2025-02-04 01:03:00,Успешно!
186,12,5,2025-02-04 00:44:00,Успешно!
187,16,5,2025-02-04 01:54:00,Успешно!
188,10,6,2025-02-04 03:06:00,Успешно!
189,20,6,2025-02-04 21:00:00,Успешно!
190,21,6,2025-02-04 19:11:00,Успешно!
191,16,6,2025-02-04 12:06:00,Успешно!
192,5,6,2025-02-04 01:39:00,Успешно!
193,13,6,2025-02-04 13:36:00,Успешно!
194,5,6,2025-02-04 09:10:00,Успешно!
195,2,6,2025-02-04 02:42:00,Успешно!
196,7,6,2025-02-04 15:05:00,Успешно!
197,9,6,2025-02-04 06:55:00,Успешно!
198,8,7,2025-02-04 22:22:00,Успешно!
199,3,7,2025-02-04 10:50:00,Успешно!
200,4,7,2025-02-04 05:14:00,Успешно!
201,15,7,2025-02-04 04:44:00,Успешно!
202,3,7,2025-02-04 16:29:00,Успешно!
203,9,7,2025-02-04 03:29:00,Успешно!
204,14,1,2025-02-05 11:08:00,Успешно!
205,15,1,2025-02-05 05:47:00,Успешно!
206,13,1,2025-02-05 22:32:00,Успешно!
207,10,1,2025-02-05 03:46:00,Успешно!
208,1,1,2025-02-05 06:21:00,Успешно!
209,17,1,2025-02-05 06:35:00,Успешно!
210,5,1,2025-02-05 19:41:00,Успешно!
211,10,1,2025-02-05 20:14:00,Успешно!
212,5,1,2025-02-05 07:58:00,Успешно!
213,1,1,2025-02-05 17:13:00,Успешно!
214,14,2,2025-02-05 11:13:00,Успешно!
215,10,2,2025-02-05 11:44:00,Успешно!
216,7,2,2025-02-05 09:49:00,Успешно!
217,12,2,2025-02-05 23:06:00,Успешно!
218,12,2,2025-02-05 12:08:00,Успешно!
219,5,2,2025-02-05 09:17:00,Успешно!
220,21,2,2025-02-05 19:32:00,Успешно!
221,7,3,2025-02-05 15:55:00,Успешно!
222,9,3,2025-02-05 04:45:00,Успешно!
223,5,3,2025-02-05 19:31:00,Успешно!
224,13,3,2025-02-05 22:27:00,Успешно!
225,12,3,2025-02-05 23:59:00,Успешно!
226,6,3,2025-02-05 21:36:00,Успешно!
227,11,3,2025-02-05 00:27:00,Успешно!
228,18,3,2025-02-05 07:53:00,Успешно!
229,3,3,2025-02-05 11:55:00,Успешно!
230,13,4,2025-02-05 06:14:00,Успешно!
231,13,4,2025-02-05 01:42:00,Успешно!
232,19,4,2025-02-05 23:04:00,Успешно!
233,14,4,2025-02-05 07:29:00,Успешно!
234,5,4,2025-02-05 20:30:00,Успешно!
235,9,4,2025-02-05 02:18:00,Успешно!
236,17,5,2025-02-05 17:06:00,Ошибка создания темы по причине отсутствия логина
237,17,5,2025-02-05 18:22:00,Ошибка создания темы по причине отсутствия логина
238,17,5,2025-02-05 16:06:00,Успешно!
239,10,5,2025-02-05 09:22:00,Успешно!
240,2,5,2025-02-05 12:44:00,Успешно!
241,14,5,2025-02-05 01:50:00,Успешно!
242,15,5,2025-02-05 16:27:00,Успешно!
243,13,5,2025-02-05 10:43:00,Успешно!
244,12,5,2025-02-05 13:17:00,Успешно!
245,12,5,2025-02-05 05:55:00,Успешно!
246,16,5,2025-02-05 15:34:00,Успешно!
247,6,6,2025-02-05 07:11:00,Успешно!
248,17,6,2025-02-05 21:26:00,Успешно!
249,6,6,2025-02-05 04:50:00,Успешно!
250,12,6,2025-02-05 22:05:00,Успешно!
251,3,6,2025-02-05 13:38:00,Успешно!
252,15,7,2025-02-05 12:35:00,Успешно!
253,20,7,2025-02-05 03:21:00,Успешно!
254,7,7,2025-02-05 02:54:00,Успешно!
255,11,7,2025-02-05 21:42:00,Успешно!
256,11,7,2025-02-05 17:42:00,Успешно!
257,5,1,2025-02-06 11:14:00,Успешно!
258,2,1,2025-02-06 08:15:00,Успешно!
259,18,1,2025-02-06 12:49:00,Успешно!
260,15,1,2025-02-06 16:17:00,Успешно!
261,1,1,2025-02-06 22:33:00,Успешно!
262,9,1,2025-02-06 07:02:00,Успешно!
263,11,1,2025-02-06 21:52:00,Успешно!
264,18,2,2025-02-06 07:56:00,Успешно!
265,8,2,2025-02-06 04:23:00,Успешно!
266,2,2,2025-02-06 00:37:00,Успешно!
267,21,2,2025-02-06 08:13:00,Успешно!
268,21,2,2025-02-06 06:33:00,Успешно!
269,5,3,2025-02-06 17:51:00,Успешно!
270,15,3,2025-02-06 23:18:00,Успешно!
271,13,3,2025-02-06 10:32:00,Успешно!
272,11,3,2025-02-06 12:09:00,Успешно!
273,4,3,2025-02-06 09:55:00,Успешно!
274,1,3,2025-02-06 21:45:00,Успешно!
275,15,3,2025-02-06 12:22:00,Успешно!
276,17,4,2025-02-06 21:16:00,Успешно!
277,20,4,2025-02-06 17:56:00,Успешно!
278,19,4,2025-02-06 04:17:00,Успешно!
279,21,4,2025-02-06 07:53:00,Успешно!
280,3,4,2025-02-06 12:26:00,Успешно!
281,18,5,2025-02-06 17:41:00,Ошибка создания темы по причине отсутствия логина
282,19,5,2025-02-06 12:54:00,Ошибка создания темы по причине отсутствия логина
283,20,5,2025-02-06 02:37:00,Успешно!
284,2,5,2025-02-06 20:48:00,Успешно!
285,1,5,2025-02-06 23:45:00,Успешно!
286,4,5,2025-02-06 04:59:00,Успешно!
287,3,5,2025-02-06 11:55:00,Успешно!
288,10,5,2025-02-06 15:18:00,Успешно!
289,20,5,2025-02-06 08:45:00,Успешно!
290,11,5,2025-02-06 07:00:00,Успешно!
291,2,5,2025-02-06 23:31:00,Успешно!
292,17,5,2025-02-06 22:18:00,Успешно!
293,8,6,2025-02-06 18:03:00,Успешно!
294,19,6,2025-02-06 18:10:00,Успешно!
295,13,6,2025-02-06 18:03:00,Успешно!
296,15,6,2025-02-06 21:34:00,Успешно!
297,11,6,2025-02-06 00:14:00,Успешно!
298,6,6,2025-02-06 20:10:00,Успешно!
299,7,6,2025-02-06 14:27:00,Успешно!
300,13,6,2025-02-06 15:55:00,Успешно!
301,2,6,2025-02-06 15:12:00,Успешно!
302,18,7,2025-02-06 06:36:00,Успешно!
303,14,7,2025-02-06 14:30:00,Успешно!
304,4,7,2025-02-06 16:50:00,Успешно!
305,17,7,2025-02-06 22:21:00,Успешно!
306,5,7,2025-02-06 03:13:00,Успешно!
307,2,7,2025-02-06 17:41:00,Успешно!
308,1,7,2025-02-06 13:00:00,Успешно!
309,21,7,2025-02-06 02:33:00,Успешно!
310,6,1,2025-02-07 20:39:00,Успешно!
311,6,1,2025-02-07 14:48:00,Успешно!
312,9,1,2025-02-07 15:16:00,Успешно!
313,6,1,2025-02-07 05:10:00,Успешно!
314,10,1,2025-02-07 00:08:00,Успешно!
315,9,1,2025-02-07 03:21:00,Успешно!
316,6,1,2025-02-07 20:45:00,Успешно!
317,17,1,2025-02-07 07:18:00,Успешно!
318,5,2,2025-02-07 12:02:00,Успешно!
319,5,2,2025-02-07 00:58:00,Успешно!
320,15,2,2025-02-07 23:29:00,Успешно!
321,11,2,2025-02-07 11:57:00,Успешно!
322,7,2,2025-02-07 21:50:00,Успешно!
323,20,2,2025-02-07 04:48:00,Успешно!
324,12,2,2025-02-07 08:56:00,Успешно!
325,2,2,2025-02-07 02:55:00,Успешно!
326,15,2,2025-02-07 10:41:00,Успешно!
327,12,2,2025-02-07 18:39:00,Успешно!
328,7,3,2025-02-07 12:14:00,Успешно!
329,15,3,2025-02-07 02:29:00,Успешно!
330,21,3,2025-02-07 08:50:00,Успешно!
331,21,3,2025-02-07 04:14:00,Успешно!
332,13,3,2025-02-07 20:39:00,Успешно!
333,3,3,2025-02-07 02:25:00,Успешно!
334,5,3,2025-02-07 10:49:00,Успешно!
335,4,3,2025-02-07 23:39:00,Успешно!
336,18,3,2025-02-07 20:51:00,Успешно!
337,10,4,2025-02-07 23:45:00,Успешно!
338,6,4,2025-02-07 08:14:00,Успешно!
339,4,4,2025-02-07 07:29:00,Успешно!
340,14,4,2025-02-07 13:46:00,Успешно!
341,10,4,2025-02-07 12:20:00,Успешно!
342,9,4,2025-02-07 19:29:00,Успешно!
343,1,4,2025-02-07 15:37:00,Успешно!
344,6,4,2025-02-07 20:32:00,Успешно!
345,8,4,2025-02-07 07:15:00,Успешно!
346,6,4,2025-02-07 11:35:00,Успешно!
347,15,5,2025-02-07 16:43:00,Ошибка создания темы по причине отсутствия логина
348,16,5,2025-02-07 01:52:00,Ошибка создания темы по причине отсутствия логина
349,13,5,2025-02-07 17:43:00,Успешно!
350,16,5,2025-02-07 04:09:00,Успешно!
351,13,5,2025-02-07 06:43:00,Успешно!
352,13,5,2025-02-07 04:16:00,Успешно!
353,2,5,2025-02-07 14:55:00,Успешно!
354,4,5,2025-02-07 04:32:00,Успешно!
355,5,5,2025-02-07 02:43:00,Успешно!
356,4,6,2025-02-07 09:38:00,Успешно!
357,6,6,2025-02-07 11:50:00,Успешно!
358,12,6,2025-02-07 23:10:00,Успешно!
359,13,6,2025-02-07 08:55:00,Успешно!
360,3,6,2025-02-07 16:09:00,Успешно!
361,15,6,2025-02-07 00:15:00,Успешно!
362,5,6,2025-02-07 14:23:00,Успешно!
363,5,7,2025-02-07 20:41:00,Успешно!
364,19,7,2025-02-07 05:46:00,Успешно!
365,4,7,2025-02-07 08:44:00,Успешно!
366,11,7,2025-02-07 20:30:00,Успешно!
367,10,7,2025-02-07 09:25:00,Успешно!
368,4,7,2025-02-07 23:36:00,Успешно!
369,7,7,2025-02-07 16:23:00,Успешно!
370,9,7,2025-02-07 21:29:00,Успешно!
371,2,1,2025-02-08 19:14:00,Успешно!
372,9,1,2025-02-08 12:53:00,Успешно!
373,7,1,2025-02-08 13:54:00,Успешно!
374,21,1,2025-02-08 23:22:00,Успешно!
375,19,1,2025-02-08 10:01:00,Успешно!
376,15,2,2025-02-08 03:22:00,Успешно!
377,5,2,2025-02-08 21:43:00,Успешно!
378,19,2,2025-02-08 00:09:00,Успешно!
379,16,2,2025-02-08 06:47:00,Успешно!
380,11,2,2025-02-08 11:23:00,Успешно!
381,17,2,2025-02-08 21:20:00,Успешно!
382,8,2,2025-02-08 19:39:00,Успешно!
383,18,2,2025-02-08 02:12:00,Успешно!
384,10,2,2025-02-08 21:54:00,Успешно!
385,1,2,2025-02-08 20:50:00,Успешно!
386,18,3,2025-02-08 02:45:00,Успешно!
387,10,3,2025-02-08 08:46:00,Успешно!
388,17,3,2025-02-08 06:59:00,Успешно!
389,5,3,2025-02-08 13:06:00,Успешно!
390,10,3,2025-02-08 13:27:00,Успешно!
391,14,3,2025-02-08 19:18:00,Успешно!
392,12,4,2025-02-08 20:07:00,Успешно!
393,13,4,2025-02-08 23:50:00,Успешно!
394,21,4,2025-02-08 07:33:00,Успешно!
395,9,4,2025-02-08 07:59:00,Успешно!
396,7,4,2025-02-08 10:05:00,Успешно!
397,20,4,2025-02-08 17:28:00,Успешно!
398,7,4,2025-02-08 17:23:00,Успешно!
399,20,4,2025-02-08 01:33:00,Успешно!
400,19,5,2025-02-08 18:05:00,Ошибка создания темы по причине отсутствия логина
401,19,5,2025-02-08 16:10:00,Ошибка создания темы по причине отсутствия логина
402,16,5,2025-02-08 19:41:00,Успешно!
403,18,5,2025-02-08 15:49:00,Успешно!
404,3,5,2025-02-08 02:28:00,Успешно!
405,3,5,2025-02-08 13:13:00,Успешно!
406,14,5,2025-02-08 09:36:00,Успешно!
407,12,5,2025-02-08 04:38:00,Успешно!
408,16,5,2025-02-08 13:54:00,Успешно!
409,12,6,2025-02-08 21:14:00,Успешно!
410,19,6,2025-02-08 13:31:00,Успешно!
411,3,6,2025-02-08 12:26:00,Успешно!
412,7,6,2025-02-08 23:24:00,Успешно!
413,4,6,2025-02-08 22:23:00,Успешно!
414,19,6,2025-02-08 07:26:00,Успешно!
415,2,6,2025-02-08 07:31:00,Успешно!
416,3,6,2025-02-08 03:59:00,Успешно!
417,9,7,2025-02-08 16:15:00,Успешно!
418,20,7,2025-02-08 19:20:00,Успешно!
419,1,7,2025-02-08 01:40:00,Успешно!
420,7,7,2025-02-08 21:36:00,Успешно!
421,21,7,2025-02-08 00:01:00,Успешно!
422,16,7,2025-02-08 22:45:00,Успешно!
423,20,7,2025-02-08 07:50:00,Успешно!
424,4,7,2025-02-08 23:56:00,Успешно!
425,21,7,2025-02-08 08:34:00,Успешно!
426,10,1,2025-02-09 09:32:00,Успешно!
427,6,1,2025-02-09 11:55:00,Успешно!
428,12,1,2025-02-09 10:34:00,Успешно!
429,5,1,2025-02-09 22:20:00,Успешно!
430,13,1,2025-02-09 22:39:00,Успешно!
431,5,2,2025-02-09 11:28:00,Успешно!
432,15,2,2025-02-09 13:27:00,Успешно!
433,8,2,2025-02-09 16:41:00,Успешно!
434,19,2,2025-02-09 16:20:00,Успешно!
435,19,2,2025-02-09 03:01:00,Успешно!
436,14,2,2025-02-09 12:11:00,Успешно!
437,13,3,2025-02-09 04:32:00,Успешно!
438,14,3,2025-02-09 20:08:00,Успешно!
439,20,3,2025-02-09 23:20:00,Успешно!
440,19,3,2025-02-09 21:09:00,Успешно!
441,20,3,2025-02-09 15:05:00,Успешно!
442,12,3,2025-02-09 21:19:00,Успешно!
443,5,3,2025-02-09 02:03:00,Успешно!
444,17,4,2025-02-09 18:14:00,Успешно!
445,2,4,2025-02-09 16:50:00,Успешно!
446,20,4,2025-02-09 21:55:00,Успешно!
447,12,4,2025-02-09 06:11:00,Успешно!
448,7,4,2025-02-09 17:44:00,Успешно!
449,17,4,2025-02-09 11:07:00,Успешно!
450,2,4,2025-02-09 18:56:00,Успешно!
451,10,4,2025-02-09 10:24:00,Успешно!
452,14,4,2025-02-09 01:13:00,Успешно!
453,15,4,2025-02-09 12:19:00,Успешно!
454,11,5,2025-02-09 22:08:00,Ошибка создания темы по причине отсутствия логина
455,20,5,2025-02-09 23:56:00,Ошибка создания темы по причине отсутствия логина
456,7,5,2025-02-09 13:01:00,Успешно!
457,3,5,2025-02-09 07:46:00,Успешно!
458,14,5,2025-02-09 15:15:00,Успешно!
459,20,5,2025-02-09 08:38:00,Успешно!
460,1,5,2025-02-09 04:34:00,Успешно!
461,20,6,2025-02-09 09:41:00,Успешно!
462,3,6,2025-02-09 22:34:00,Успешно!
463,15,6,2025-02-09 15:06:00,Успешно!
464,11,6,2025-02-09 05:33:00,Успешно!
465,16,6,2025-02-09 15:32:00,Успешно!
466,17,6,2025-02-09 07:38:00,Успешно!
467,6,6,2025-02-09 15:09:00,Успешно!
468,15,7,2025-02-09 17:20:00,Успешно!
469,10,7,2025-02-09 21:40:00,Успешно!
470,21,7,2025-02-09 15:59:00,Успешно!
471,15,7,2025-02-09 12:47:00,Успешно!
472,20,7,2025-02-09 23:59:00,Успешно!
473,2,1,2025-02-10 00:05:00,Успешно!
474,14,1,2025-02-10 17:59:00,Успешно!
475,7,1,2025-02-10 20:04:00,Успешно!
476,7,1,2025-02-10 21:33:00,Успешно!
477,19,1,2025-02-10 13:41:00,Успешно!
478,10,1,2025-02-10 18:38:00,Успешно!
479,6,1,2025-02-10 03:36:00,Успешно!
480,6,1,2025-02-10 14:27:00,Успешно!
481,19,2,2025-02-10 19:53:00,Успешно!
482,11,2,2025-02-10 04:58:00,Успешно!
483,5,2,2025-02-10 10:27:00,Успешно!
484,3,2,2025-02-10 07:37:00,Успешно!
485,10,2,2025-02-10 00:34:00,Успешно!
486,9,2,2025-02-10 12:54:00,Успешно!
487,4,2,2025-02-10 05:50:00,Успешно!
488,5,2,2025-02-10 03:00:00,Успешно!
489,2,3,2025-02-10 23:02:00,Успешно!
490,13,3,2025-02-10 20:04:00,Успешно!
491,1,3,2025-02-10 11:39:00,Успешно!
492,15,3,2025-02-10 12:14:00,Успешно!
493,15,3,2025-02-10 17:25:00,Успешно!
494,10,3,2025-02-10 16:38:00,Успешно!
495,5,3,2025-02-10 18:30:00,Успешно!
496,7,3,2025-02-10 05:31:00,Успешно!
497,8,3,2025-02-10 23:59:00,Успешно!
498,14,4,2025-02-10 04:34:00,Успешно!
499,13,4,2025-02-10 21:54:00,Успешно!
500,6,4,2025-02-10 03:11:00,Успешно!
501,10,4,2025-02-10 03:51:00,Успешно!
502,12,4,2025-02-10 08:59:00,Успешно!
503,8,4,2025-02-10 15:08:00,Успешно!
504,10,4,2025-02-10 03:05:00,Успешно!
505,7,4,2025-02-10 10:21:00,Успешно!
506,18,5,2025-02-10 06:59:00,Ошибка создания темы по причине отсутствия логина
507,18,5,2025-02-10 22:57:00,Ошибка создания темы по причине отсутствия логина
508,18,5,2025-02-10 13:36:00,Успешно!
509,19,5,2025-02-10 16:32:00,Успешно!
510,13,5,2025-02-10 13:46:00,Успешно!
511,6,5,2025-02-10 12:24:00,Успешно!
512,18,5,2025-02-10 10:26:00,Успешно!
513,7,5,2025-02-10 01:59:00,Успешно!
514,4,6,2025-02-10 17:27:00,Успешно!
515,14,6,2025-02-10 21:34:00,Успешно!
516,6,6,2025-02-10 15:11:00,Успешно!
517,5,6,2025-02-10 02:21:00,Успешно!
518,10,6,2025-02-10 21:29:00,Успешно!
519,19,6,2025-02-10 22:29:00,Успешно!
520,6,6,2025-02-10 05:06:00,Успешно!
521,12,6,2025-02-10 19:10:00,Успешно!
522,16,7,2025-02-10 03:53:00,Успешно!
523,20,7,2025-02-10 15:04:00,Успешно!
524,4,7,2025-02-10 18:25:00,Успешно!
525,18,7,2025-02-10 08:25:00,Успешно!
526,7,7,2025-02-10 02:13:00,Успешно!
527,11,7,2025-02-10 22:29:00,Успешно!
528,4,7,2025-02-10 18:27:00,Успешно!
529,10,7,2025-02-10 12:43:00,Успешно!
530,7,1,2025-02-11 13:28:00,Успешно!
531,18,1,2025-02-11 06:12:00,Успешно!
532,20,1,2025-02-11 16:13:00,Успешно!
533,8,1,2025-02-11 14:36:00,Успешно!
534,20,1,2025-02-11 22:37:00,Успешно!
535,7,1,2025-02-11 10:09:00,Успешно!
536,1,1,2025-02-11 23:05:00,Успешно!
537,9,2,2025-02-11 18:08:00,Успешно!
538,6,2,2025-02-11 22:46:00,Успешно!
539,15,2,2025-02-11 14:32:00,Успешно!
540,18,2,2025-02-11 00:05:00,Успешно!
541,1,2,2025-02-11 21:48:00,Успешно!
542,4,3,2025-02-11 22:08:00,Успешно!
543,19,3,2025-02-11 17:26:00,Успешно!
544,12,3,2025-02-11 15:03:00,Успешно!
545,9,3,2025-02-11 16:30:00,Успешно!
546,13,3,2025-02-11 18:45:00,Успешно!
547,18,3,2025-02-11 06:51:00,Успешно!
548,7,3,2025-02-11 21:03:00,Успешно!
549,2,3,2025-02-11 01:02:00,Успешно!
550,14,3,2025-02-11 15:15:00,Успешно!
551,9,3,2025-02-11 07:27:00,Успешно!
552,11,4,2025-02-11 11:17:00,Успешно!
553,15,4,2025-02-11 23:53:00,Успешно!
554,5,4,2025-02-11 11:57:00,Успешно!
555,18,4,2025-02-11 21:07:00,Успешно!
556,14,4,2025-02-11 03:52:00,Успешно!
557,2,4,2025-02-11 12:06:00,Успешно!
558,6,4,2025-02-11 04:05:00,Успешно!
559,3,4,2025-02-11 01:43:00,Успешно!
560,20,4,2025-02-11 11:53:00,Успешно!
561,15,5,2025-02-11 09:28:00,Ошибка создания темы по причине отсутствия логина
562,13,5,2025-02-11 05:47:00,Ошибка создания темы по причине отсутствия логина
563,2,5,2025-02-11 15:31:00,Успешно!
564,16,5,2025-02-11 22:22:00,Успешно!
565,20,5,2025-02-11 02:21:00,Успешно!
566,13,5,2025-02-11 11:39:00,Успешно!
567,11,5,2025-02-11 06:02:00,Успешно!
568,2,5,2025-02-11 17:04:00,Успешно!
569,20,5,2025-02-11 06:30:00,Успешно!
570,12,5,2025-02-11 03:58:00,Успешно!
571,18,6,2025-02-11 13:30:00,Успешно!
572,20,6,2025-02-11 10:52:00,Успешно!
573,13,6,2025-02-11 06:51:00,Успешно!
574,19,6,2025-02-11 14:44:00,Успешно!
575,12,6,2025-02-11 03:55:00,Успешно!
576,12,6,2025-02-11 07:28:00,Успешно!
577,1,6,2025-02-11 09:26:00,Успешно!
578,2,6,2025-02-11 14:24:00,Успешно!
579,8,6,2025-02-11 10:51:00,Успешно!
580,1,6,2025-02-11 05:18:00,Успешно!
581,10,7,2025-02-11 04:04:00,Успешно!
582,19,7,2025-02-11 15:47:00,Успешно!
583,4,7,2025-02-11 22:32:00,Успешно!
584,17,7,2025-02-11 16:48:00,Успешно!
585,19,7,2025-02-11 06:52:00,Успешно!
586,21,7,2025-02-11 03:28:00,Успешно!
587,15,7,2025-02-11 10:31:00,Успешно!
588,13,7,2025-02-11 22:31:00,Успешно!
589,21,7,2025-02-11 07:04:00,Успешно!
590,3,1,2025-02-12 08:08:00,Успешно!
591,17,1,2025-02-12 09:12:00,Успешно!
592,7,1,2025-02-12 06:19:00,Успешно!
593,7,1,2025-02-12 23:22:00,Успешно!
594,12,1,2025-02-12 05:09:00,Успешно!
595,1,2,2025-02-12 18:03:00,Успешно!
596,18,2,2025-02-12 16:07:00,Успешно!
597,9,2,2025-02-12 14:56:00,Успешно!
598,4,2,2025-02-12 16:53:00,Успешно!
599,8,2,2025-02-12 09:22:00,Успешно!
600,3,2,2025-02-12 02:05:00,Успешно!
601,13,3,2025-02-12 12:32:00,Успешно!
602,1,3,2025-02-12 06:09:00,Успешно!
603,2,3,2025-02-12 04:20:00,Успешно!
604,13,3,2025-02-12 17:33:00,Успешно!
605,16,3,2025-02-12 04:03:00,Успешно!
606,8,3,2025-02-12 02:21:00,Успешно!
607,14,4,2025-02-12 15:05:00,Успешно!
608,13,4,2025-02-12 13:20:00,Успешно!
609,17,4,2025-02-12 22:40:00,Успешно!
610,7,4,2025-02-12 00:23:00,Успешно!
611,18,4,2025-02-12 03:02:00,Успешно!
612,9,4,2025-02-12 12:50:00,Успешно!
613,18,5,2025-02-12 10:58:00,Ошибка создания темы по причине отсутствия логина
614,16,5,2025-02-12 09:49:00,Ошибка создания темы по причине отсутствия логина
615,7,5,2025-02-12 22:47:00,Успешно!
616,19,5,2025-02-12 22:41:00,Успешно!
617,2,5,2025-02-12 04:23:00,Успешно!
618,2,5,2025-02-12 17:23:00,Успешно!
619,11,5,2025-02-12 00:21:00,Успешно!
620,21,5,2025-02-12 17:12:00,Успешно!
621,20,5,2025-02-12 14:02:00,Успешно!
622,8,5,2025-02-12 06:42:00,Успешно!
623,7,5,2025-02-12 05:58:00,Успешно!
624,5,6,2025-02-12 00:32:00,Успешно!
625,11,6,2025-02-12 20:48:00,Успешно!
626,8,6,2025-02-12 08:40:00,Успешно!
627,2,6,2025-02-12 04:40:00,Успешно!
628,5,6,2025-02-12 04:02:00,Успешно!
629,18,6,2025-02-12 03:56:00,Успешно!
630,14,6,2025-02-12 14:51:00,Успешно!
631,9,6,2025-02-12 09:26:00,Успешно!
632,9,7,2025-02-12 02:47:00,Успешно!
633,6,7,2025-02-12 14:10:00,Успешно!
634,7,7,2025-02-12 19:32:00,Успешно!
635,14,7,2025-02-12 19:12:00,Успешно!
636,17,7,2025-02-12 02:50:00,Успешно!
637,18,1,2025-02-13 14:32:00,Успешно!
638,6,1,2025-02-13 02:08:00,Успешно!
639,2,1,2025-02-13 01:07:00,Успешно!
640,10,1,2025-02-13 17:04:00,Успешно!
641,21,1,2025-02-13 11:57:00,Успешно!
642,2,1,2025-02-13 23:47:00,Успешно!
643,14,1,2025-02-13 20:56:00,Успешно!
644,8,1,2025-02-13 05:43:00,Успешно!
645,13,2,2025-02-13 03:56:00,Успешно!
646,21,2,2025-02-13 19:31:00,Успешно!
647,13,2,2025-02-13 17:01:00,Успешно!
648,1,2,2025-02-13 01:17:00,Успешно!
649,19,2,2025-02-13 12:20:00,Успешно!
650,14,2,2025-02-13 04:12:00,Успешно!
651,11,2,2025-02-13 22:47:00,Успешно!
652,16,2,2025-02-13 05:58:00,Успешно!
653,7,3,2025-02-13 06:47:00,Успешно!
654,6,3,2025-02-13 15:00:00,Успешно!
655,4,3,2025-02-13 14:11:00,Успешно!
656,16,3,2025-02-13 23:37:00,Успешно!
657,21,3,2025-02-13 22:07:00,Успешно!
658,12,3,2025-02-13 00:07:00,Успешно!
659,8,3,2025-02-13 07:20:00,Успешно!
660,20,3,2025-02-13 12:09:00,Успешно!
661,21,3,2025-02-13 12:31:00,Успешно!
662,6,4,2025-02-13 01:29:00,Успешно!
663,15,4,2025-02-13 06:44:00,Успешно!
664,21,4,2025-02-13 11:08:00,Успешно!
665,18,4,2025-02-13 13:28:00,Успешно!
666,2,4,2025-02-13 16:23:00,Успешно!
667,19,4,2025-02-13 20:28:00,Успешно!
668,12,5,2025-02-13 11:55:00,Ошибка создания темы по причине отсутствия логина
669,16,5,2025-02-13 06:54:00,Ошибка создания темы по причине отсутствия логина
670,10,5,2025-02-13 06:33:00,Успешно!
671,18,5,2025-02-13 23:55:00,Успешно!
672,8,5,2025-02-13 04:25:00,Успешно!
673,14,5,2025-02-13 14:12:00,Успешно!
674,10,5,2025-02-13 02:27:00,Успешно!
675,2,5,2025-02-13 20:54:00,Успешно!
676,8,5,2025-02-13 19:20:00,Успешно!
677,19,6,2025-02-13 06:18:00,Успешно!
678,21,6,2025-02-13 13:55:00,Успешно!
679,13,6,2025-02-13 12:39:00,Успешно!
680,4,6,2025-02-13 09:52:00,Успешно!
681,1,6,2025-02-13 05:01:00,Успешно!
682,20,6,2025-02-13 13:46:00,Успешно!
683,4,6,2025-02-13 23:05:00,Успешно!
684,14,6,2025-02-13 17:05:00,Успешно!
685,20,6,2025-02-13 13:57:00,Успешно!
686,21,7,2025-02-13 20:04:00,Успешно!
687,20,7,2025-02-13 16:41:00,Успешно!
688,11,7,2025-02-13 19:55:00,Успешно!
689,4,7,2025-02-13 09:57:00,Успешно!
690,4,7,2025-02-13 12:21:00,Успешно!
691,2,7,2025-02-13 17:35:00,Успешно!
692,11,7,2025-02-13 12:15:00,Успешно!
693,17,7,2025-02-13 10:42:00,Успешно!
694,17,7,2025-02-13 12:13:00,Успешно!
695,12,7,2025-02-13 12:27:00,Успешно!
696,19,1,2025-02-14 00:18:00,Успешно!
697,11,1,2025-02-14 00:22:00,Успешно!
698,4,1,2025-02-14 13:46:00,Успешно!
699,2,1,2025-02-14 18:04:00,Успешно!
700,1,1,2025-02-14 15:09:00,Успешно!
701,14,1,2025-02-14 14:58:00,Успешно!
702,16,1,2025-02-14 12:40:00,Успешно!
703,13,1,2025-02-14 15:11:00,Успешно!
704,6,2,2025-02-14 12:38:00,Успешно!
705,9,2,2025-02-14 20:33:00,Успешно!
706,9,2,2025-02-14 23:48:00,Успешно!
707,21,2,2025-02-14 06:34:00,Успешно!
708,20,2,2025-02-14 08:20:00,Успешно!
709,13,2,2025-02-14 12:10:00,Успешно!
710,18,2,2025-02-14 23:49:00,Успешно!
711,4,2,2025-02-14 03:04:00,Успешно!
712,14,3,2025-02-14 01:52:00,Успешно!
713,17,3,2025-02-14 15:00:00,Успешно!
714,19,3,2025-02-14 11:20:00,Успешно!
715,1,3,2025-02-14 11:13:00,Успешно!
716,16,3,2025-02-14 06:27:00,Успешно!
717,7,3,2025-02-14 06:27:00,Успешно!
718,4,4,2025-02-14 12:15:00,Успешно!
719,15,4,2025-02-14 15:46:00,Успешно!
720,13,4,2025-02-14 18:51:00,Успешно!
721,3,4,2025-02-14 13:30:00,Успешно!
722,2,4,2025-02-14 12:46:00,Успешно!
723,5,4,2025-02-14 15:18:00,Успешно!
724,21,4,2025-02-14 04:47:00,Успешно!
725,6,4,2025-02-14 05:27:00,Успешно!
726,19,5,2025-02-14 14:06:00,Ошибка создания темы по причине отсутствия логина
727,11,5,2025-02-14 03:42:00,Ошибка создания темы по причине отсутствия логина
728,19,5,2025-02-14 11:32:00,Успешно!
729,16,5,2025-02-14 00:52:00,Успешно!
730,21,5,2025-02-14 07:14:00,Успешно!
731,13,5,2025-02-14 01:08:00,Успешно!
732,9,5,2025-02-14 12:16:00,Успешно!
733,6,5,2025-02-14 04:59:00,Успешно!
734,11,6,2025-02-14 06:53:00,Успешно!
735,2,6,2025-02-14 13:55:00,Успешно!
736,3,6,2025-02-14 16:07:00,Успешно!
737,1,6,2025-02-14 18:01:00,Успешно!
738,12,6,2025-02-14 10:35:00,Успешно!
739,13,6,2025-02-14 18:12:00,Успешно!
740,20,6,2025-02-14 02:20:00,Успешно!
741,2,6,2025-02-14 11:57:00,Успешно!
742,3,6,2025-02-14 19:03:00,Успешно!
743,16,6,2025-02-14 02:49:00,Успешно!
744,2,7,2025-02-14 13:17:00,Успешно!
745,4,7,2025-02-14 19:03:00,Успешно!
746,20,7,2025-02-14 08:10:00,Успешно!
747,12,7,2025-02-14 04:09:00,Успешно!
748,6,7,2025-02-14 01:42:00,Успешно!
749,19,7,2025-02-14 05:56:00,Успешно!
750,6,7,2025-02-14 14:00:00,Успешно!
751,9,7,2025-02-14 11:48:00,Успешно!
752,1,7,2025-02-14 02:43:00,Успешно!
753,4,7,2025-02-14 14:14:00,Успешно!
754,20,1,2025-02-15 20:46:00,Успешно!
755,20,1,2025-02-15 11:06:00,Успешно!
756,11,1,2025-02-15 06:41:00,Успешно!
757,18,1,2025-02-15 13:40:00,Успешно!
758,3,1,2025-02-15 05:52:00,Успешно!
759,19,1,2025-02-15 00:23:00,Успешно!
760,13,1,2025-02-15 12:28:00,Успешно!
761,10,1,2025-02-15 15:32:00,Успешно!
762,10,1,2025-02-15 12:58:00,Успешно!
763,21,1,2025-02-15 18:36:00,Успешно!
764,21,2,2025-02-15 23:36:00,Успешно!
765,6,2,2025-02-15 17:50:00,Успешно!
766,6,2,2025-02-15 12:59:00,Успешно!
767,1,2,2025-02-15 09:38:00,Успешно!
768,21,2,2025-02-15 15:36:00,Успешно!
769,4,2,2025-02-15 00:08:00,Успешно!
770,17,2,2025-02-15 17:23:00,Успешно!
771,10,2,2025-02-15 12:10:00,Успешно!
772,14,2,2025-02-15 22:21:00,Успешно!
773,16,2,2025-02-15 17:59:00,Успешно!
774,20,3,2025-02-15 08:08:00,Успешно!
775,20,3,2025-02-15 21:33:00,Успешно!
776,8,3,2025-02-15 03:01:00,Успешно!
777,4,3,2025-02-15 22:21:00,Успешно!
778,21,3,2025-02-15 09:25:00,Успешно!
779,20,3,2025-02-15 01:37:00,Успешно!
780,21,3,2025-02-15 07:54:00,Успешно!
781,8,4,2025-02-15 07:27:00,Успешно!
782,5,4,2025-02-15 18:32:00,Успешно!
783,2,4,2025-02-15 06:56:00,Успешно!
784,14,4,2025-02-15 06:14:00,Успешно!
785,17,4,2025-02-15 12:10:00,Успешно!
786,20,5,2025-02-15 21:37:00,Ошибка создания темы по причине отсутствия логина
787,17,5,2025-02-15 14:05:00,Ошибка создания темы по причине отсутствия логина
788,16,5,2025-02-15 04:01:00,Успешно!
789,2,5,2025-02-15 07:51:00,Успешно!
790,8,5,2025-02-15 23:20:00,Успешно!
791,16,5,2025-02-15 17:22:00,Успешно!
792,11,5,2025-02-15 17:24:00,Успешно!
793,8,5,2025-02-15 11:52:00,Успешно!
794,13,5,2025-02-15 11:09:00,Успешно!
795,14,5,2025-02-15 16:51:00,Успешно!
796,15,6,2025-02-15 04:34:00,Успешно!
797,20,6,2025-02-15 13:39:00,Успешно!
798,6,6,2025-02-15 05:58:00,Успешно!
799,11,6,2025-02-15 23:05:00,Успешно!
800,10,6,2025-02-15 03:41:00,Успешно!
801,15,6,2025-02-15 22:04:00,Успешно!
802,12,6,2025-02-15 04:26:00,Успешно!
803,5,6,2025-02-15 00:50:00,Успешно!
804,10,6,2025-02-15 06:52:00,Успешно!
805,21,7,2025-02-15 01:14:00,Успешно!
806,8,7,2025-02-15 09:49:00,Успешно!
807,18,7,2025-02-15 02:10:00,Успешно!
808,18,7,2025-02-15 01:51:00,Успешно!
809,2,7,2025-02-15 10:21:00,Успешно!
810,12,7,2025-02-15 02:35:00,Успешно!
811,12,7,2025-02-15 20:24:00,Успешно!
812,12,7,2025-02-15 07:41:00,Успешно!
813,8,1,2025-02-16 19:25:00,Успешно!
814,4,1,2025-02-16 04:22:00,Успешно!
815,20,1,2025-02-16 12:17:00,Успешно!
816,18,1,2025-02-16 13:24:00,Успешно!
817,3,1,2025-02-16 22:07:00,Успешно!
818,2,1,2025-02-16 13:59:00,Успешно!
819,21,2,2025-02-16 06:40:00,Успешно!
820,19,2,2025-02-16 11:11:00,Успешно!
821,16,2,2025-02-16 12:04:00,Успешно!
822,21,2,2025-02-16 13:04:00,Успешно!
823,18,2,2025-02-16 11:52:00,Успешно!
824,15,3,2025-02-16 22:44:00,Успешно!
825,7,3,2025-02-16 05:37:00,Успешно!
826,2,3,2025-02-16 07:10:00,Успешно!
827,15,3,2025-02-16 18:28:00,Успешно!
828,17,3,2025-02-16 04:36:00,Успешно!
829,4,3,2025-02-16 23:06:00,Успешно!
830,20,3,2025-02-16 13:12:00,Успешно!
831,18,3,2025-02-16 03:55:00,Успешно!
832,2,3,2025-02-16 01:36:00,Успешно!
833,6,3,2025-02-16 16:21:00,Успешно!
834,8,4,2025-02-16 05:59:00,Успешно!
835,14,4,2025-02-16 07:06:00,Успешно!
836,10,4,2025-02-16 21:29:00,Успешно!
837,7,4,2025-02-16 16:48:00,Успешно!
838,2,4,2025-02-16 02:40:00,Успешно!
839,16,4,2025-02-16 18:59:00,Успешно!
840,19,4,2025-02-16 12:04:00,Успешно!
841,18,5,2025-02-16 20:42:00,Ошибка создания темы по причине отсутствия логина
842,13,5,2025-02-16 17:29:00,Ошибка создания темы по причине отсутствия логина
843,20,5,2025-02-16 03:11:00,Успешно!
844,7,5,2025-02-16 17:34:00,Успешно!
845,16,5,2025-02-16 15:45:00,Успешно!
846,2,5,2025-02-16 12:31:00,Успешно!
847,6,5,2025-02-16 09:02:00,Успешно!
848,8,5,2025-02-16 05:44:00,Успешно!
849,18,5,2025-02-16 20:55:00,Успешно!
850,8,5,2025-02-16 12:12:00,Успешно!
851,7,5,2025-02-16 19:27:00,Успешно!
852,10,6,2025-02-16 07:01:00,Успешно!
853,11,6,2025-02-16 11:56:00,Успешно!
854,1,6,2025-02-16 17:57:00,Успешно!
855,7,6,2025-02-16 11:13:00,Успешно!
856,20,6,2025-02-16 18:36:00,Успешно!
857,13,6,2025-02-16 05:25:00,Успешно!
858,10,6,2025-02-16 22:20:00,Успешно!
859,14,6,2025-02-16 07:13:00,Успешно!
860,13,6,2025-02-16 16:26:00,Успешно!
861,8,7,2025-02-16 16:58:00,Успешно!
862,4,7,2025-02-16 02:25:00,Успешно!
863,13,7,2025-02-16 06:39:00,Успешно!
864,12,7,2025-02-16 13:10:00,Успешно!
865,3,7,2025-02-16 06:51:00,Успешно!
866,8,7,2025-02-16 03:01:00,Успешно!
867,14,7,2025-02-16 07:41:00,Успешно!
868,19,7,2025-02-16 04:50:00,Успешно!
869,20,7,2025-02-16 04:19:00,Успешно!
870,19,1,2025-02-17 17:20:00,Успешно!
871,5,1,2025-02-17 13:38:00,Успешно!
872,18,1,2025-02-17 03:45:00,Успешно!
873,13,1,2025-02-17 14:15:00,Успешно!
874,9,1,2025-02-17 03:45:00,Успешно!
875,7,1,2025-02-17 08:39:00,Успешно!
876,15,2,2025-02-17 03:24:00,Успешно!
877,8,2,2025-02-17 05:38:00,Успешно!
878,1,2,2025-02-17 07:09:00,Успешно!
879,1,2,2025-02-17 15:29:00,Успешно!
880,12,2,2025-02-17 16:22:00,Успешно!
881,17,2,2025-02-17 23:59:00,Успешно!
882,12,2,2025-02-17 08:13:00,Успешно!
883,15,3,2025-02-17 11:30:00,Успешно!
884,4,3,2025-02-17 16:15:00,Успешно!
885,8,3,2025-02-17 18:29:00,Успешно!
886,19,3,2025-02-17 06:52:00,Успешно!
887,9,3,2025-02-17 12:08:00,Успешно!
888,20,3,2025-02-17 21:05:00,Успешно!
889,11,3,2025-02-17 05:36:00,Успешно!
890,16,4,2025-02-17 09:06:00,Успешно!
891,1,4,2025-02-17 19:37:00,Успешно!
892,14,4,2025-02-17 10:15:00,Успешно!
893,12,4,2025-02-17 14:35:00,Успешно!
894,13,4,2025-02-17 20:01:00,Успешно!
895,13,5,2025-02-17 18:21:00,Ошибка создания темы по причине отсутствия логина
896,14,5,2025-02-17 12:51:00,Ошибка создания темы по причине отсутствия логина
897,1,5,2025-02-17 15:11:00,Успешно!
898,7,5,2025-02-17 16:39:00,Успешно!
899,4,5,2025-02-17 23:13:00,Успешно!
900,2,5,2025-02-17 08:54:00,Успешно!
901,8,5,2025-02-17 20:16:00,Успешно!
902,20,6,2025-02-17 06:22:00,Успешно!
903,15,6,2025-02-17 16:31:00,Успешно!
904,19,6,2025-02-17 23:28:00,Успешно!
905,8,6,2025-02-17 14:04:00,Успешно!
906,18,6,2025-02-17 23:21:00,Успешно!
907,12,6,2025-02-17 10:42:00,Успешно!
908,4,6,2025-02-17 02:32:00,Успешно!
909,18,6,2025-02-17 10:31:00,Успешно!
910,8,6,2025-02-17 10:15:00,Успешно!
911,17,6,2025-02-17 16:15:00,Успешно!
912,3,7,2025-02-17 04:46:00,Успешно!
913,21,7,2025-02-17 15:11:00,Успешно!
914,16,7,2025-02-17 14:51:00,Успешно!
915,2,7,2025-02-17 04:32:00,Успешно!
916,4,7,2025-02-17 11:36:00,Успешно!
917,11,1,2025-02-18 19:12:00,Успешно!
918,3,1,2025-02-18 16:18:00,Успешно!
919,5,1,2025-02-18 09:03:00,Успешно!
920,20,1,2025-02-18 22:35:00,Успешно!
921,9,1,2025-02-18 21:00:00,Успешно!
922,21,1,2025-02-18 04:12:00,Успешно!
923,13,1,2025-02-18 05:31:00,Успешно!
924,5,1,2025-02-18 21:00:00,Успешно!
925,2,1,2025-02-18 22:14:00,Успешно!
926,15,2,2025-02-18 12:48:00,Успешно!
927,19,2,2025-02-18 22:49:00,Успешно!
928,17,2,2025-02-18 15:24:00,Успешно!
929,7,2,2025-02-18 08:59:00,Успешно!
930,4,2,2025-02-18 13:43:00,Успешно!
931,12,3,2025-02-18 08:33:00,Успешно!
932,15,3,2025-02-18 07:30:00,Успешно!
933,17,3,2025-02-18 11:32:00,Успешно!
934,18,3,2025-02-18 19:26:00,Успешно!
935,14,3,2025-02-18 11:46:00,Успешно!
936,1,3,2025-02-18 04:32:00,Успешно!
937,18,3,2025-02-18 05:48:00,Успешно!
938,12,3,2025-02-18 08:51:00,Успешно!
939,8,3,2025-02-18 17:19:00,Успешно!
940,14,3,2025-02-18 08:09:00,Успешно!
941,13,4,2025-02-18 03:31:00,Успешно!
942,13,4,2025-02-18 16:31:00,Успешно!
943,7,4,2025-02-18 17:33:00,Успешно!
944,4,4,2025-02-18 05:27:00,Успешно!
945,9,4,2025-02-18 05:20:00,Успешно!
946,21,5,2025-02-18 08:07:00,Ошибка создания темы по причине отсутствия логина
947,18,5,2025-02-18 08:27:00,Ошибка создания темы по причине отсутствия логина
948,8,5,2025-02-18 09:50:00,Успешно!
949,10,5,2025-02-19 00:00:00,Успешно!
950,3,5,2025-02-18 15:30:00,Успешно!
951,13,5,2025-02-18 10:00:00,Успешно!
952,16,5,2025-02-18 23:38:00,Успешно!
953,14,5,2025-02-18 13:42:00,Успешно!
954,16,5,2025-02-18 08:45:00,Успешно!
955,19,5,2025-02-18 22:32:00,Успешно!
956,18,6,2025-02-18 23:42:00,Успешно!
957,4,6,2025-02-18 15:17:00,Успешно!
958,17,6,2025-02-18 10:38:00,Успешно!
959,21,6,2025-02-18 10:58:00,Успешно!
960,9,6,2025-02-18 03:07:00,Успешно!
961,1,6,2025-02-18 13:30:00,Успешно!
962,15,6,2025-02-18 15:34:00,Успешно!
963,16,7,2025-02-18 04:15:00,Успешно!
964,10,7,2025-02-18 04:26:00,Успешно!
965,9,7,2025-02-18 01:59:00,Успешно!
966,16,7,2025-02-18 17:38:00,Успешно!
967,13,7,2025-02-18 20:30:00,Успешно!
968,7,7,2025-02-18 19:49:00,Успешно!
969,13,7,2025-02-18 23:22:00,Успешно!
970,11,7,2025-02-18 22:36:00,Успешно!
971,6,7,2025-02-18 11:06:00,Успешно!
972,19,1,2025-02-19 04:59:00,Успешно!
973,17,1,2025-02-19 14:28:00,Успешно!
974,9,1,2025-02-19 10:00:00,Успешно!
975,3,1,2025-02-19 05:31:00,Успешно!
976,20,1,2025-02-19 07:21:00,Успешно!
977,16,1,2025-02-19 07:55:00,Успешно!
978,17,1,2025-02-19 18:51:00,Успешно!
979,14,1,2025-02-19 02:56:00,Успешно!
980,15,1,2025-02-19 00:39:00,Успешно!
981,3,1,2025-02-19 07:34:00,Успешно!
982,8,2,2025-02-19 17:33:00,Успешно!
983,12,2,2025-02-19 23:35:00,Успешно!
984,12,2,2025-02-19 15:20:00,Успешно!
985,15,2,2025-02-19 10:17:00,Успешно!
986,13,2,2025-02-19 12:01:00,Успешно!
987,20,2,2025-02-19 12:06:00,Успешно!
988,14,2,2025-02-19 11:56:00,Успешно!
989,1,3,2025-02-19 09:10:00,Успешно!
990,15,3,2025-02-19 23:51:00,Успешно!
991,4,3,2025-02-19 06:09:00,Успешно!
992,14,3,2025-02-19 15:38:00,Успешно!
993,8,3,2025-02-19 21:18:00,Успешно!
994,8,3,2025-02-19 03:55:00,Успешно!
995,10,3,2025-02-19 07:27:00,Успешно!
996,16,3,2025-02-19 01:43:00,Успешно!
997,1,3,2025-02-19 07:09:00,Успешно!
998,20,4,2025-02-19 04:56:00,Успешно!
999,1,4,2025-02-19 09:15:00,Успешно!
1000,15,4,2025-02-19 13:06:00,Успешно!
1001,18,4,2025-02-19 01:21:00,Успешно!
1002,14,4,2025-02-19 16:00:00,Успешно!
1003,17,5,2025-02-19 12:01:00,Ошибка создания темы по причине отсутствия логина
1004,20,5,2025-02-19 12:04:00,Ошибка создания темы по причине отсутствия логина
1005,7,5,2025-02-19 11:06:00,Успешно!
1006,12,5,2025-02-19 10:39:00,Успешно!
1007,6,5,2025-02-19 06:48:00,Успешно!
1008,20,5,2025-02-19 22:58:00,Успешно!
1009,18,5,2025-02-19 01:23:00,Успешно!
1010,7,5,2025-02-19 09:37:00,Успешно!
1011,6,5,2025-02-19 09:31:00,Успешно!
1012,18,6,2025-02-19 22:13:00,Успешно!
1013,16,6,2025-02-19 11:45:00,Успешно!
1014,1,6,2025-02-19 05:56:00,Успешно!
1015,1,6,2025-02-19 19:47:00,Успешно!
1016,19,6,2025-02-19 07:21:00,Успешно!
1017,3,7,2025-02-19 22:37:00,Успешно!
1018,15,7,2025-02-19 13:26:00,Успешно!
1019,3,7,2025-02-19 10:23:00,Успешно!
1020,9,7,2025-02-19 11:03:00,Успешно!
1021,12,7,2025-02-19 07:50:00,Успешно!
1022,2,7,2025-02-19 10:23:00,Успешно!
1023,9,7,2025-02-19 19:16:00,Успешно!
1024,21,1,2025-02-20 12:46:00,Успешно!
1025,17,1,2025-02-20 01:09:00,Успешно!
1026,21,1,2025-02-20 20:25:00,Успешно!
1027,6,1,2025-02-20 20:12:00,Успешно!
1028,15,1,2025-02-20 13:11:00,Успешно!
1029,6,1,2025-02-20 13:11:00,Успешно!
1030,16,2,2025-02-20 19:53:00,Успешно!
1031,10,2,2025-02-20 10:43:00,Успешно!
1032,6,2,2025-02-20 17:34:00,Успешно!
1033,20,2,2025-02-20 04:25:00,Успешно!
1034,11,2,2025-02-20 17:31:00,Успешно!
1035,14,2,2025-02-20 13:26:00,Успешно!
1036,20,2,2025-02-20 02:45:00,Успешно!
1037,5,3,2025-02-20 19:10:00,Успешно!
1038,19,3,2025-02-20 03:26:00,Успешно!
1039,14,3,2025-02-20 16:06:00,Успешно!
1040,1,3,2025-02-20 17:54:00,Успешно!
1041,19,3,2025-02-20 16:33:00,Успешно!
1042,10,4,2025-02-20 14:48:00,Успешно!
1043,3,4,2025-02-20 20:36:00,Успешно!
1044,11,4,2025-02-20 02:09:00,Успешно!
1045,4,4,2025-02-20 21:44:00,Успешно!
1046,12,4,2025-02-20 08:23:00,Успешно!
1047,13,4,2025-02-20 06:15:00,Успешно!
1048,4,4,2025-02-20 04:17:00,Успешно!
1049,10,4,2025-02-20 03:09:00,Успешно!
1050,20,4,2025-02-20 20:53:00,Успешно!
1051,4,4,2025-02-20 11:12:00,Успешно!
1052,16,5,2025-02-20 18:43:00,Ошибка создания темы по причине отсутствия логина
1053,21,5,2025-02-20 18:24:00,Ошибка создания темы по причине отсутствия логина
1054,6,5,2025-02-20 08:58:00,Успешно!
1055,7,5,2025-02-20 01:51:00,Успешно!
1056,14,5,2025-02-20 15:04:00,Успешно!
1057,16,5,2025-02-20 08:14:00,Успешно!
1058,1,5,2025-02-20 17:40:00,Успешно!
1059,5,5,2025-02-20 04:00:00,Успешно!
1060,13,5,2025-02-20 00:15:00,Успешно!
1061,16,5,2025-02-20 19:15:00,Успешно!
1062,4,5,2025-02-20 11:45:00,Успешно!
1063,2,5,2025-02-20 12:16:00,Успешно!
1064,19,6,2025-02-20 16:41:00,Успешно!
1065,15,6,2025-02-20 07:28:00,Успешно!
1066,19,6,2025-02-20 18:38:00,Успешно!
1067,10,6,2025-02-20 01:14:00,Успешно!
1068,4,6,2025-02-20 04:07:00,Успешно!
1069,8,6,2025-02-20 11:51:00,Успешно!
1070,8,6,2025-02-20 23:11:00,Успешно!
1071,12,7,2025-02-20 15:45:00,Успешно!
1072,20,7,2025-02-20 04:00:00,Успешно!
1073,6,7,2025-02-20 16:06:00,Успешно!
1074,8,7,2025-02-20 21:08:00,Успешно!
1075,12,7,2025-02-20 04:12:00,Успешно!
1076,15,7,2025-02-20 11:29:00,Успешно!
1077,2,1,2025-02-21 22:27:00,Успешно!
1078,2,1,2025-02-21 14:46:00,Успешно!
1079,9,1,2025-02-21 23:50:00,Успешно!
1080,11,1,2025-02-21 16:26:00,Успешно!
1081,4,1,2025-02-21 20:48:00,Успешно!
1082,14,1,2025-02-21 15:47:00,Успешно!
1083,21,1,2025-02-21 23:36:00,Успешно!
1084,11,1,2025-02-21 13:49:00,Успешно!
1085,14,1,2025-02-21 05:29:00,Успешно!
1086,19,2,2025-02-21 00:44:00,Успешно!
1087,7,2,2025-02-21 15:38:00,Успешно!
1088,19,2,2025-02-21 22:52:00,Успешно!
1089,13,2,2025-02-21 05:19:00,Успешно!
1090,21,2,2025-02-21 17:39:00,Успешно!
1091,12,2,2025-02-21 06:20:00,Успешно!
1092,1,2,2025-02-21 19:29:00,Успешно!
1093,17,2,2025-02-21 14:43:00,Успешно!
1094,12,2,2025-02-21 02:24:00,Успешно!
1095,15,3,2025-02-21 09:54:00,Успешно!
1096,17,3,2025-02-21 17:00:00,Успешно!
1097,18,3,2025-02-21 11:06:00,Успешно!
1098,19,3,2025-02-21 06:22:00,Успешно!
1099,10,3,2025-02-21 20:08:00,Успешно!
1100,18,3,2025-02-21 10:18:00,Успешно!
1101,3,3,2025-02-21 02:11:00,Успешно!
1102,2,4,2025-02-21 09:34:00,Успешно!
1103,21,4,2025-02-21 03:18:00,Успешно!
1104,20,4,2025-02-21 04:52:00,Успешно!
1105,20,4,2025-02-21 01:34:00,Успешно!
1106,9,4,2025-02-21 00:54:00,Успешно!
1107,3,4,2025-02-21 20:24:00,Успешно!
1108,9,4,2025-02-21 07:26:00,Успешно!
1109,12,4,2025-02-21 16:11:00,Успешно!
1110,17,4,2025-02-21 03:33:00,Успешно!
1111,15,5,2025-02-21 18:14:00,Ошибка создания темы по причине отсутствия логина
1112,21,5,2025-02-21 13:51:00,Ошибка создания темы по причине отсутствия логина
1113,1,5,2025-02-21 15:41:00,Успешно!
1114,12,5,2025-02-21 10:43:00,Успешно!
1115,19,5,2025-02-21 22:51:00,Успешно!
1116,3,5,2025-02-21 08:35:00,Успешно!
1117,11,5,2025-02-21 20:12:00,Успешно!
1118,9,5,2025-02-21 04:12:00,Успешно!
1119,13,5,2025-02-21 06:51:00,Успешно!
1120,18,6,2025-02-21 05:55:00,Успешно!
1121,19,6,2025-02-21 02:08:00,Успешно!
1122,9,6,2025-02-21 10:32:00,Успешно!
1123,20,6,2025-02-21 10:40:00,Успешно!
1124,4,6,2025-02-21 08:34:00,Успешно!
1125,11,7,2025-02-21 05:56:00,Успешно!
1126,2,7,2025-02-21 09:31:00,Успешно!
1127,17,7,2025-02-21 20:37:00,Успешно!
1128,3,7,2025-02-21 20:27:00,Успешно!
1129,8,7,2025-02-21 09:30:00,Успешно!
1130,5,7,2025-02-21 14:28:00,Успешно!
1131,12,7,2025-02-21 14:16:00,Успешно!
1132,2,7,2025-02-21 10:47:00,Успешно!
1133,7,1,2025-02-22 05:55:00,Успешно!
1134,17,1,2025-02-22 14:15:00,Успешно!
1135,6,1,2025-02-22 23:27:00,Успешно!
1136,17,1,2025-02-22 10:39:00,Успешно!
1137,10,1,2025-02-22 08:02:00,Успешно!
1138,16,1,2025-02-22 13:38:00,Успешно!
1139,4,1,2025-02-22 15:03:00,Успешно!
1140,5,1,2025-02-22 21:01:00,Успешно!
1141,14,2,2025-02-22 10:15:00,Успешно!
1142,17,2,2025-02-22 12:33:00,Успешно!
1143,1,2,2025-02-22 11:53:00,Успешно!
1144,21,2,2025-02-22 20:09:00,Успешно!
1145,9,2,2025-02-22 12:19:00,Успешно!
1146,14,2,2025-02-22 20:42:00,Успешно!
1147,3,2,2025-02-22 19:28:00,Успешно!
1148,15,2,2025-02-22 18:16:00,Успешно!
1149,11,2,2025-02-22 10:19:00,Успешно!
1150,2,3,2025-02-22 19:20:00,Успешно!
1151,18,3,2025-02-22 08:15:00,Успешно!
1152,10,3,2025-02-22 04:32:00,Успешно!
1153,18,3,2025-02-22 13:44:00,Успешно!
1154,2,3,2025-02-22 16:05:00,Успешно!
1155,8,4,2025-02-22 00:44:00,Успешно!
1156,4,4,2025-02-22 11:08:00,Успешно!
1157,15,4,2025-02-22 23:08:00,Успешно!
1158,3,4,2025-02-22 21:30:00,Успешно!
1159,19,4,2025-02-22 03:16:00,Успешно!
1160,15,5,2025-02-22 04:22:00,Ошибка создания темы по причине отсутствия логина
1161,13,5,2025-02-22 09:04:00,Ошибка создания темы по причине отсутствия логина
1162,16,5,2025-02-22 20:13:00,Успешно!
1163,17,5,2025-02-22 14:39:00,Успешно!
1164,13,5,2025-02-22 13:41:00,Успешно!
1165,15,5,2025-02-22 19:52:00,Успешно!
1166,6,5,2025-02-22 19:59:00,Успешно!
1167,5,5,2025-02-22 20:24:00,Успешно!
1168,18,5,2025-02-22 07:18:00,Успешно!
1169,10,5,2025-02-22 22:58:00,Успешно!
1170,4,5,2025-02-22 13:20:00,Успешно!
1171,14,6,2025-02-22 16:56:00,Успешно!
1172,13,6,2025-02-22 21:23:00,Успешно!
1173,20,6,2025-02-22 04:04:00,Успешно!
1174,6,6,2025-02-22 08:39:00,Успешно!
1175,17,6,2025-02-22 03:59:00,Успешно!
1176,9,7,2025-02-22 14:17:00,Успешно!
1177,5,7,2025-02-22 17:57:00,Успешно!
1178,7,7,2025-02-22 12:34:00,Успешно!
1179,1,7,2025-02-22 17:09:00,Успешно!
1180,11,7,2025-02-22 13:41:00,Успешно!
1181,4,7,2025-02-22 16:58:00,Успешно!
1182,17,7,2025-02-22 01:13:00,Успешно!
1183,20,7,2025-02-22 18:57:00,Успешно!
1184,3,1,2025-02-23 05:00:00,Успешно!
1185,6,1,2025-02-23 04:34:00,Успешно!
1186,19,1,2025-02-23 21:40:00,Успешно!
1187,21,1,2025-02-23 10:51:00,Успешно!
1188,16,1,2025-02-23 21:48:00,Успешно!
1189,20,1,2025-02-23 09:08:00,Успешно!
1190,10,1,2025-02-23 18:49:00,Успешно!
1191,7,1,2025-02-23 13:55:00,Успешно!
1192,18,1,2025-02-23 04:38:00,Успешно!
1193,12,2,2025-02-23 09:51:00,Успешно!
1194,3,2,2025-02-23 02:24:00,Успешно!
1195,9,2,2025-02-23 23:19:00,Успешно!
1196,15,2,2025-02-23 05:38:00,Успешно!
1197,20,2,2025-02-23 01:37:00,Успешно!
1198,14,2,2025-02-23 15:46:00,Успешно!
1199,9,2,2025-02-23 16:26:00,Успешно!
1200,12,2,2025-02-23 20:34:00,Успешно!
1201,12,3,2025-02-23 15:10:00,Успешно!
1202,18,3,2025-02-23 19:10:00,Успешно!
1203,12,3,2025-02-23 01:36:00,Успешно!
1204,16,3,2025-02-23 17:41:00,Успешно!
1205,2,3,2025-02-23 22:21:00,Успешно!
1206,3,4,2025-02-23 10:58:00,Успешно!
1207,4,4,2025-02-23 14:49:00,Успешно!
1208,20,4,2025-02-23 18:13:00,Успешно!
1209,19,4,2025-02-23 12:18:00,Успешно!
1210,4,4,2025-02-23 01:20:00,Успешно!
1211,16,4,2025-02-23 23:48:00,Успешно!
1212,4,4,2025-02-23 05:39:00,Успешно!
1213,2,4,2025-02-23 02:41:00,Успешно!
1214,4,4,2025-02-23 17:16:00,Успешно!
1215,20,4,2025-02-23 16:59:00,Успешно!
1216,16,5,2025-02-23 11:07:00,Ошибка создания темы по причине отсутствия логина
1217,15,5,2025-02-23 07:10:00,Ошибка создания темы по причине отсутствия логина
1218,18,5,2025-02-23 02:59:00,Успешно!
1219,11,5,2025-02-23 21:18:00,Успешно!
1220,2,5,2025-02-23 17:03:00,Успешно!
1221,19,5,2025-02-23 16:27:00,Успешно!
1222,5,5,2025-02-23 09:49:00,Успешно!
1223,1,5,2025-02-23 22:56:00,Успешно!
1224,18,5,2025-02-23 02:00:00,Успешно!
1225,11,5,2025-02-23 00:00:00,Успешно!
1226,20,6,2025-02-23 12:54:00,Успешно!
1227,7,6,2025-02-23 19:51:00,Успешно!
1228,2,6,2025-02-23 16:06:00,Успешно!
1229,10,6,2025-02-23 17:28:00,Успешно!
1230,3,6,2025-02-23 16:30:00,Успешно!
1231,14,7,2025-02-23 17:15:00,Успешно!
1232,5,7,2025-02-23 07:34:00,Успешно!
1233,17,7,2025-02-23 15:27:00,Успешно!
1234,21,7,2025-02-23 10:21:00,Успешно!
1235,15,7,2025-02-23 16:59:00,Успешно!
1236,9,7,2025-02-23 09:25:00,Успешно!
1237,19,7,2025-02-23 02:36:00,Успешно!
1238,1,1,2025-02-24 01:07:00,Успешно!
1239,13,1,2025-02-24 08:04:00,Успешно!
1240,5,1,2025-02-24 01:24:00,Успешно!
1241,8,1,2025-02-24 05:05:00,Успешно!
1242,5,1,2025-02-24 15:59:00,Успешно!
1243,15,1,2025-02-24 21:13:00,Успешно!
1244,1,1,2025-02-24 02:23:00,Успешно!
1245,21,2,2025-02-24 19:01:00,Успешно!
1246,3,2,2025-02-24 17:10:00,Успешно!
1247,5,2,2025-02-24 10:45:00,Успешно!
1248,6,2,2025-02-24 10:17:00,Успешно!
1249,13,2,2025-02-24 02:38:00,Успешно!
1250,3,2,2025-02-24 02:41:00,Успешно!
1251,20,2,2025-02-24 15:14:00,Успешно!
1252,17,3,2025-02-24 19:52:00,Успешно!
1253,2,3,2025-02-24 13:12:00,Успешно!
1254,3,3,2025-02-24 17:15:00,Успешно!
1255,12,3,2025-02-24 20:42:00,Успешно!
1256,19,3,2025-02-24 14:16:00,Успешно!
1257,12,3,2025-02-24 16:48:00,Успешно!
1258,16,3,2025-02-24 21:36:00,Успешно!
1259,21,3,2025-02-24 15:59:00,Успешно!
1260,15,4,2025-02-24 23:59:00,Успешно!
1261,20,4,2025-02-24 09:43:00,Успешно!
1262,20,4,2025-02-24 22:36:00,Успешно!
1263,18,4,2025-02-24 01:46:00,Успешно!
1264,18,4,2025-02-24 23:14:00,Успешно!
1265,7,4,2025-02-24 11:35:00,Успешно!
1266,11,4,2025-02-24 13:21:00,Успешно!
1267,7,4,2025-02-24 06:07:00,Успешно!
1268,3,4,2025-02-24 00:59:00,Успешно!
1269,16,5,2025-02-24 11:33:00,Ошибка создания темы по причине отсутствия логина
1270,14,5,2025-02-24 13:17:00,Ошибка создания темы по причине отсутствия логина
1271,10,5,2025-02-24 03:20:00,Успешно!
1272,6,5,2025-02-24 03:19:00,Успешно!
1273,2,5,2025-02-24 07:01:00,Успешно!
1274,12,5,2025-02-24 21:15:00,Успешно!
1275,3,5,2025-02-24 02:11:00,Успешно!
1276,1,5,2025-02-24 09:58:00,Успешно!
1277,16,5,2025-02-24 14:50:00,Успешно!
1278,7,5,2025-02-24 05:36:00,Успешно!
1279,1,5,2025-02-24 07:25:00,Успешно!
1280,6,6,2025-02-24 02:25:00,Успешно!
1281,18,6,2025-02-24 22:03:00,Успешно!
1282,21,6,2025-02-24 20:54:00,Успешно!
1283,16,6,2025-02-24 19:24:00,Успешно!
1284,19,6,2025-02-24 08:41:00,Успешно!
1285,19,6,2025-02-24 02:49:00,Успешно!
1286,10,6,2025-02-24 11:59:00,Успешно!
1287,19,6,2025-02-24 11:54:00,Успешно!
1288,8,6,2025-02-24 01:53:00,Успешно!
1289,13,7,2025-02-24 13:13:00,Успешно!
1290,6,7,2025-02-24 03:35:00,Успешно!
1291,16,7,2025-02-24 19:55:00,Успешно!
1292,14,7,2025-02-24 23:13:00,Успешно!
1293,10,7,2025-02-24 07:53:00,Успешно!
1294,7,7,2025-02-24 15:23:00,Успешно!
1295,11,1,2025-02-25 15:21:00,Успешно!
1296,15,1,2025-02-25 10:11:00,Успешно!
1297,14,1,2025-02-25 20:53:00,Успешно!
1298,7,1,2025-02-25 11:37:00,Успешно!
1299,8,1,2025-02-25 00:05:00,Успешно!
1300,21,1,2025-02-25 22:54:00,Успешно!
1301,20,2,2025-02-25 00:53:00,Успешно!
1302,15,2,2025-02-25 08:03:00,Успешно!
1303,16,2,2025-02-25 09:28:00,Успешно!
1304,15,2,2025-02-25 10:31:00,Успешно!
1305,13,2,2025-02-25 18:49:00,Успешно!
1306,11,2,2025-02-25 09:53:00,Успешно!
1307,10,2,2025-02-25 07:19:00,Успешно!
1308,19,2,2025-02-25 18:05:00,Успешно!
1309,2,2,2025-02-25 08:22:00,Успешно!
1310,7,2,2025-02-25 13:40:00,Успешно!
1311,2,3,2025-02-25 05:38:00,Успешно!
1312,15,3,2025-02-25 21:27:00,Успешно!
1313,9,3,2025-02-25 16:08:00,Успешно!
1314,2,3,2025-02-25 05:24:00,Успешно!
1315,16,3,2025-02-25 22:32:00,Успешно!
1316,1,3,2025-02-25 23:26:00,Успешно!
1317,17,3,2025-02-25 12:00:00,Успешно!
1318,2,3,2025-02-25 09:44:00,Успешно!
1319,3,3,2025-02-25 00:41:00,Успешно!
1320,8,3,2025-02-25 16:59:00,Успешно!
1321,4,4,2025-02-25 02:10:00,Успешно!
1322,2,4,2025-02-25 13:47:00,Успешно!
1323,11,4,2025-02-25 18:16:00,Успешно!
1324,14,4,2025-02-25 03:44:00,Успешно!
1325,10,4,2025-02-25 05:49:00,Успешно!
1326,13,4,2025-02-25 17:18:00,Успешно!
1327,3,4,2025-02-25 07:36:00,Успешно!
1328,15,4,2025-02-25 21:03:00,Успешно!
1329,17,5,2025-02-25 21:17:00,Ошибка создания темы по причине отсутствия логина
1330,11,5,2025-02-25 04:07:00,Ошибка создания темы по причине отсутствия логина
1331,13,5,2025-02-25 06:30:00,Успешно!
1332,21,5,2025-02-25 03:00:00,Успешно!
1333,7,5,2025-02-25 15:42:00,Успешно!
1334,1,5,2025-02-25 18:15:00,Успешно!
1335,11,5,2025-02-25 20:48:00,Успешно!
1336,7,5,2025-02-25 02:11:00,Успешно!
1337,5,5,2025-02-25 09:41:00,Успешно!
1338,5,5,2025-02-25 17:35:00,Успешно!
1339,7,6,2025-02-25 06:58:00,Успешно!
1340,11,6,2025-02-25 20:50:00,Успешно!
1341,16,6,2025-02-25 08:10:00,Успешно!
1342,11,6,2025-02-25 07:12:00,Успешно!
1343,10,6,2025-02-25 15:59:00,Успешно!
1344,2,6,2025-02-25 21:42:00,Успешно!
1345,8,7,2025-02-25 14:13:00,Успешно!
1346,21,7,2025-02-25 01:27:00,Успешно!
1347,8,7,2025-02-25 19:16:00,Успешно!
1348,14,7,2025-02-25 04:13:00,Успешно!
1349,20,7,2025-02-25 08:02:00,Успешно!
1350,7,7,2025-02-25 03:52:00,Успешно!
1351,13,7,2025-02-25 12:27:00,Успешно!
1352,14,7,2025-02-25 07:54:00,Успешно!
1353,16,7,2025-02-25 10:38:00,Успешно!
1354,21,7,2025-02-25 10:08:00,Успешно!
1355,19,1,2025-02-26 02:48:00,Успешно!
1356,5,1,2025-02-26 18:16:00,Успешно!
1357,12,1,2025-02-26 05:16:00,Успешно!
1358,14,1,2025-02-26 18:24:00,Успешно!
1359,17,1,2025-02-26 18:03:00,Успешно!
1360,14,1,2025-02-26 08:41:00,Успешно!
1361,13,1,2025-02-26 17:55:00,Успешно!
1362,16,1,2025-02-26 23:32:00,Успешно!
1363,14,2,2025-02-26 08:36:00,Успешно!
1364,6,2,2025-02-26 07:32:00,Успешно!
1365,21,2,2025-02-26 05:21:00,Успешно!
1366,8,2,2025-02-26 09:59:00,Успешно!
1367,1,2,2025-02-26 06:00:00,Успешно!
1368,8,2,2025-02-26 00:52:00,Успешно!
1369,5,2,2025-02-26 08:35:00,Успешно!
1370,15,2,2025-02-26 11:03:00,Успешно!
1371,18,3,2025-02-26 06:08:00,Успешно!
1372,20,3,2025-02-26 13:50:00,Успешно!
1373,10,3,2025-02-26 13:14:00,Успешно!
1374,17,3,2025-02-26 14:04:00,Успешно!
1375,10,3,2025-02-26 08:02:00,Успешно!
1376,20,3,2025-02-26 11:38:00,Успешно!
1377,11,3,2025-02-26 05:23:00,Успешно!
1378,15,3,2025-02-26 09:26:00,Успешно!
1379,11,3,2025-02-26 01:36:00,Успешно!
1380,2,4,2025-02-26 00:29:00,Успешно!
1381,21,4,2025-02-26 18:20:00,Успешно!
1382,21,4,2025-02-26 15:25:00,Успешно!
1383,12,4,2025-02-26 11:38:00,Успешно!
1384,6,4,2025-02-26 16:41:00,Успешно!
1385,17,4,2025-02-26 02:27:00,Успешно!
1386,9,4,2025-02-26 05:16:00,Успешно!
1387,8,4,2025-02-26 19:16:00,Успешно!
1388,10,4,2025-02-26 14:16:00,Успешно!
1389,14,4,2025-02-26 00:11:00,Успешно!
1390,21,5,2025-02-26 06:00:00,Ошибка создания темы по причине отсутствия логина
1391,15,5,2025-02-26 22:52:00,Ошибка создания темы по причине отсутствия логина
1392,16,5,2025-02-26 02:04:00,Успешно!
1393,5,5,2025-02-26 16:05:00,Успешно!
1394,17,5,2025-02-26 09:33:00,Успешно!
1395,11,5,2025-02-26 14:39:00,Успешно!
1396,10,5,2025-02-26 01:54:00,Успешно!
1397,19,5,2025-02-26 16:43:00,Успешно!
1398,18,5,2025-02-26 05:48:00,Успешно!
1399,4,5,2025-02-26 06:57:00,Успешно!
1400,6,6,2025-02-26 14:40:00,Успешно!
1401,13,6,2025-02-26 12:45:00,Успешно!
1402,11,6,2025-02-26 08:07:00,Успешно!
1403,6,6,2025-02-26 06:18:00,Успешно!
1404,11,6,2025-02-26 10:20:00,Успешно!
1405,5,6,2025-02-26 16:40:00,Успешно!
1406,6,7,2025-02-26 19:34:00,Успешно!
1407,4,7,2025-02-26 23:18:00,Успешно!
1408,16,7,2025-02-26 23:32:00,Успешно!
1409,8,7,2025-02-26 19:46:00,Успешно!
1410,4,7,2025-02-26 09:34:00,Успешно!
1411,9,7,2025-02-26 20:51:00,Успешно!
1412,16,7,2025-02-26 18:59:00,Успешно!
1413,20,7,2025-02-26 15:39:00,Успешно!
1414,17,7,2025-02-26 18:35:00,Успешно!
1415,1,1,2025-02-27 20:29:00,Успешно!
1416,13,1,2025-02-27 01:56:00,Успешно!
1417,17,1,2025-02-27 23:07:00,Успешно!
1418,20,1,2025-02-27 06:13:00,Успешно!
1419,2,1,2025-02-27 20:03:00,Успешно!
1420,15,1,2025-02-27 09:28:00,Успешно!
1421,19,1,2025-02-27 05:26:00,Успешно!
1422,7,1,2025-02-27 17:09:00,Успешно!
1423,1,2,2025-02-27 12:08:00,Успешно!
1424,6,2,2025-02-27 14:16:00,Успешно!
1425,1,2,2025-02-27 00:51:00,Успешно!
1426,18,2,2025-02-27 18:22:00,Успешно!
1427,4,2,2025-02-27 12:57:00,Успешно!
1428,10,3,2025-02-27 16:42:00,Успешно!
1429,17,3,2025-02-27 17:39:00,Успешно!
1430,17,3,2025-02-27 17:07:00,Успешно!
1431,20,3,2025-02-27 16:15:00,Успешно!
1432,16,3,2025-02-27 21:24:00,Успешно!
1433,16,3,2025-02-27 14:44:00,Успешно!
1434,11,4,2025-02-27 01:55:00,Успешно!
1435,9,4,2025-02-27 10:59:00,Успешно!
1436,6,4,2025-02-27 00:30:00,Успешно!
1437,10,4,2025-02-27 21:49:00,Успешно!
1438,2,4,2025-02-27 03:09:00,Успешно!
1439,3,4,2025-02-27 17:21:00,Успешно!
1440,7,4,2025-02-27 01:02:00,Успешно!
1441,9,4,2025-02-27 01:35:00,Успешно!
1442,20,4,2025-02-27 05:24:00,Успешно!
1443,20,5,2025-02-27 22:05:00,Ошибка создания темы по причине отсутствия логина
1444,12,5,2025-02-27 04:18:00,Ошибка создания темы по причине отсутствия логина
1445,10,5,2025-02-27 21:08:00,Успешно!
1446,4,5,2025-02-27 16:35:00,Успешно!
1447,20,5,2025-02-27 06:49:00,Успешно!
1448,9,5,2025-02-27 22:28:00,Успешно!
1449,19,5,2025-02-27 21:31:00,Успешно!
1450,15,5,2025-02-27 08:30:00,Успешно!
1451,7,5,2025-02-27 21:24:00,Успешно!
1452,12,5,2025-02-27 10:43:00,Успешно!
1453,18,6,2025-02-27 11:53:00,Успешно!
1454,7,6,2025-02-27 01:30:00,Успешно!
1455,7,6,2025-02-27 04:28:00,Успешно!
1456,7,6,2025-02-27 07:24:00,Успешно!
1457,9,6,2025-02-27 13:15:00,Успешно!
1458,10,7,2025-02-27 21:59:00,Успешно!
1459,16,7,2025-02-27 16:59:00,Успешно!
1460,4,7,2025-02-27 01:15:00,Успешно!
1461,3,7,2025-02-27 22:16:00,Успешно!
1462,21,7,2025-02-27 10:55:00,Успешно!
1463,6,7,2025-02-27 17:45:00,Успешно!
1464,18,7,2025-02-27 14:17:00,Успешно!
1465,12,1,2025-02-28 06:32:00,Успешно!
1466,8,1,2025-02-28 02:30:00,Успешно!
1467,15,1,2025-02-28 20:38:00,Успешно!
1468,2,1,2025-02-28 05:34:00,Успешно!
1469,20,1,2025-02-28 20:48:00,Успешно!
1470,12,1,2025-02-28 04:23:00,Успешно!
1471,9,1,2025-02-28 13:16:00,Успешно!
1472,6,1,2025-02-28 10:30:00,Успешно!
1473,3,2,2025-02-28 14:17:00,Успешно!
1474,18,2,2025-02-28 15:09:00,Успешно!
1475,2,2,2025-02-28 00:11:00,Успешно!
1476,11,2,2025-02-28 15:12:00,Успешно!
1477,9,2,2025-02-28 07:48:00,Успешно!
1478,4,2,2025-02-28 16:13:00,Успешно!
1479,11,2,2025-02-28 04:38:00,Успешно!
1480,21,2,2025-02-28 10:31:00,Успешно!
1481,8,3,2025-02-28 12:54:00,Успешно!
1482,16,3,2025-02-28 17:15:00,Успешно!
1483,11,3,2025-02-28 04:49:00,Успешно!
1484,4,3,2025-02-28 08:21:00,Успешно!
1485,5,3,2025-02-28 22:49:00,Успешно!
1486,1,3,2025-02-28 23:29:00,Успешно!
1487,17,3,2025-02-28 16:12:00,Успешно!
1488,9,3,2025-02-28 00:27:00,Успешно!
1489,7,3,2025-02-28 10:21:00,Успешно!
1490,1,3,2025-02-28 12:51:00,Успешно!
1491,5,4,2025-02-28 19:42:00,Успешно!
1492,14,4,2025-02-28 14:04:00,Успешно!
1493,17,4,2025-02-28 22:38:00,Успешно!
1494,13,4,2025-02-28 06:02:00,Успешно!
1495,6,4,2025-02-28 10:36:00,Успешно!
1496,17,4,2025-02-28 01:41:00,Успешно!
1497,3,4,2025-02-28 03:56:00,Успешно!
1498,16,5,2025-02-28 11:16:00,Ошибка создания темы по причине отсутствия логина
1499,15,5,2025-02-28 20:44:00,Ошибка создания темы по причине отсутствия логина
1500,14,5,2025-02-28 13:23:00,Успешно!
1501,19,5,2025-02-28 19:08:00,Успешно!
1502,3,5,2025-02-28 07:45:00,Успешно!
1503,19,5,2025-02-28 06:39:00,Успешно!
1504,16,5,2025-02-28 00:23:00,Успешно!
1505,16,5,2025-02-28 10:46:00,Успешно!
1506,11,5,2025-02-28 03:45:00,Успешно!
1507,4,6,2025-02-28 07:41:00,Успешно!
1508,15,6,2025-02-28 22:50:00,Успешно!
1509,12,6,2025-02-28 10:37:00,Успешно!
1510,3,6,2025-02-28 01:44:00,Успешно!
1511,2,6,2025-02-28 00:28:00,Успешно!
1512,9,6,2025-02-28 04:39:00,Успешно!
1513,15,6,2025-02-28 06:05:00,Успешно!
1514,6,6,2025-02-28 20:57:00,Успешно!
1515,10,7,2025-02-28 19:55:00,Успешно!
1516,8,7,2025-02-28 03:22:00,Успешно!
1517,1,7,2025-02-28 20:16:00,Успешно!
1518,21,7,2025-02-28 23:13:00,Успешно!
1519,8,7,2025-02-28 18:11:00,Успешно!
