id,name,login,password
1,Catherin,sending_2053,5kHins1(
2,Babara,structural_1879,@SmL23P~
3,Ciera,sleeve_1982,cbo7T*Iu
4,Rosana,finance_1970,"yY*F""m_#"
5,Royce,playstation_1913,$vN/{w0b
6,Nancee,stack_1894,"A|y""s@$#"
7,Lindsy,acquisition_2005,v7fVq4~.
8,Rob,george_2089,"y#wb""|.e"
9,Ernesto,image_2017,",JQQ^1,A"
10,Teddy,him_2093,\e:Z+(=u
11,Bernardina,acre_1949,"rJB["">~X"
12,Shon,sat_1828,((uL$e}@
13,Jestine,website_1841,^.+bNbjX
14,Emerald,shift_2038,"B""(liYZ["
15,Mickey,used_1984,\:uu~UO>
16,Bryce,instruments_2085,"|""U(0=pQ"
17,Larraine,kitty_2011,`us-}&r*
18,Domonique,petition_1812,S~Mh[FHF
19,Peg,illinois_1995,hYQWbw@*
20,Andres,launched_2021,gk&5e]W&
